{
  "elapsed_sec": 242.6075417995453,
  "n_features": 88,
  "best_variant": "per_q",
  "val_mae_rev": {
    "global": 444316.94652077794,
    "per_q": 444197.72958430526,
    "default": 732777.8515388714
  },
  "val_mae_cog": {
    "global": 406031.1881876825,
    "per_q": 405869.2912218826,
    "default": 764394.6375904133
  },
  "calibration_global": {
    "CR": 1.0000000000000002,
    "CC": 1.0000000000000002
  },
  "calibration_per_q": {
    "CR": {
      "1": 1.0,
      "2": 1.0,
      "3": 1.0050000000000003,
      "4": 0.9950000000000002
    },
    "CC": {
      "1": 1.0,
      "2": 1.0,
      "3": 0.9950000000000002,
      "4": 1.0150000000000001
    }
  },
  "raw_means_test": {
    "Revenue": 3333550.8144882806,
    "COGS": 2842615.3221410597
  }
}