{
  "elapsed_sec": 277.6563572883606,
  "n_features": 88,
  "best_variant": "per_q",
  "val_mae_rev": {
    "global": 444316.94652077794,
    "per_q": 444197.72958430526,
    "default": 732777.8515388714
  },
  "val_mae_cog": {
    "global": 406031.1881876825,
    "per_q": 405869.2912218826,
    "default": 764394.6375904133
  },
  "val_metrics": {
    "global": {
      "Revenue": {
        "mae": 444316.94652077794,
        "rmse": 599996.7799814161,
        "r2": 0.7596565857976904
      },
      "COGS": {
        "mae": 406031.1881876825,
        "rmse": 536573.4644789832,
        "r2": 0.7245291117610961
      }
    },
    "per_q": {
      "Revenue": {
        "mae": 444197.72958430526,
        "rmse": 600257.9129432343,
        "r2": 0.759447333857109
      },
      "COGS": {
        "mae": 405869.2912218826,
        "rmse": 535932.1293262272,
        "r2": 0.7251872269854689
      }
    },
    "default": {
      "Revenue": {
        "mae": 732777.8515388714,
        "rmse": 932899.7411492865,
        "r2": 0.41896227314586465
      },
      "COGS": {
        "mae": 764394.6375904133,
        "rmse": 964759.1922476394,
        "r2": 0.10945642025335156
      }
    }
  },
  "final_submission_variant": "default",
  "calibration_global": {
    "CR": 1.0000000000000002,
    "CC": 1.0000000000000002
  },
  "calibration_per_q": {
    "CR": {
      "1": 1.0,
      "2": 1.0,
      "3": 1.0050000000000003,
      "4": 0.9950000000000002
    },
    "CC": {
      "1": 1.0,
      "2": 1.0,
      "3": 0.9950000000000002,
      "4": 1.0150000000000001
    }
  },
  "raw_means_test": {
    "Revenue": 3333550.8144882806,
    "COGS": 2842615.3221410597
  }
}